SPA Members,Congress Members
Samajwadi Party Uttar Pradesh,Indian National Congress
рд╕рдорд╛рдЬрд╡рд╛рджреА рдкрд╛рд░реНрдЯреА рдЙрддреНрддрд░ рдкреНрд░рджреЗрд╢,CONGRESS PARTY ЁЯЗоЁЯЗ│
Samajwadi Party Onlin Live,All India Congress Party
I Support Samajwadi Party,congress party
Samajwadi party,I support congress party
Samajwadi Party Supporters,Congress Party Official Group
Neeraj Yadav,Singh Rakesh
Nand Kishor Yadav,Anil Srivastava Anu
Harish Yadav,S P Kranthi Kumar
Neeraj Yadav,Asharaf Mangad
Brajesh Yadav,Ankur Mishra
Sonu Yadav Nshi,рдмреЛрд▓ рдХрд╛рдорд╛рдЪрдВ
Saurabh Yadav,Unfilterd voice
Unfilterd voice,Rishikesh Rathod
Ram Karan,Jagdish Narayan Dwivedi
K C Yadav,Core Congressi
Yaduvanshi,The Yogi Political Campaign
Maharishi Kashyap,рж╕рзВрж░рзНржпржоржирж┐ржиржЧрж░ ржХржВржЧрзНрж░рзЗрж╕
Bablu Yadav,Shailesh Kumar
Moaz Ali Haider,Arjun Rana
Mohd Sageer Siddiqui,Bhuneshvar Yadav
Brijesh Yadav,Suresh Vishnoi
Rao Anil Yaduvanshi Yadav,Amit Khichad
Mukhtar Rajput,Akshita Saxena
Vinay Kashyap,Piush Kumar
рдУрдмреАрд╕реА рдХреБ. рд░рд╛рдиреА рд░реИрдХрд╡рд╛рд░,Faizan Khan
Avdhesh Chaudhari,Dharmendra Titu
рдЖрдирдиреНрдж рдмреЗрджрд░реНрджреА,Manish Sen ajmer
socialist.deepakyadv,риХрйБрижри░рид рижрйЗ ри░рй░риЧ
Ilu Yadav,Sajida Tampakmayum
Sunny Kumar,Mukesh Bibhar
Keshav Gupta,Juhi Pritam
Chahat Yadav S P,Srs Malik Badshah
Kanhaiya Lal,Rose morgan
Vibhav Kumar Shrivas,рдХрд╛рдВрдЧреНрд░реЗрд╕  рдЭреБрдЧреНрдЧреА рдЭреЛрдкрдбрд╝реА рдкреНрд░рдХреЛрд╖реНрда рдЫрд┐рдВрджрд╡рд╛рдбрд╝рд╛
Shivprasad,Congress India
рд╕рдВрджреАрдк рдпрд╛рджрд╡,Nitin Gupta
Ashutosh Singh,Raj Bhatt
Amit Pal,р┤░р┤Ьр╡Ар┤╖р╡Н р┤Хр╡Ж р┤Ор┤В
Vinay Chaudhary,top viral video Bihar driver mahasang
рд╢рдореАрдо рдУрдордж,Indian Muslim & People
Sandeep Aghrari,рдЪреИрддрдиреНрдп aaрдкрдХрд╛
Ziaul Hasan,Dharmendra Kumar
GeetamJan Baboo,Anil Dan Gadhavi
Abdul Awwal,Deepu Gupta
Rahul Shakya,The Aazad Hind
Muhammad Monchori,Ram Meena
Krishna Yadav,рд▓реЛрдзреА рд╕реЗрдирд╛
рд╕реНрд╡рд╛рддрд┐ рд╕рд┐рдВрд╣,Aman Pandoley
anaya yadav,Thangan Chettan
Punit Nigam,Jaswinder Singh Dhiman Team Halka Dhuri
Dharmendra Yadav,рдмреАрдХрд╛рдиреЗрд░ рдпреБрд╡рд╛ рдХрд╛рдВрдЧреНрд░реЗрд╕
Kokky Bhai,рдХрдиреАреЫ рдлрд╛рддрдорд╛ - рдкреВрд░реНрдгрд┐рдпрд╛ рдХреА рдмреЗрдЯреА
The Political Mukhiya,desi memewali
Satpal Singh Chandrma,Rishi Rai
рдЫрдЧрди рдбреЙрдЧрд░реАрдпрд╛,Ravi Sharma Geography
Durgesh Yadav,Rohit Mittal
Raju Shukla,рдкреНрд░рд┐рдпрд╛рдВрд╢реБ рд╢реНрд░реАрд╡рд╛рд╕реНрддрд╡
Abuzar Ghaffari,G C Meena
Kisan Landage,Jitendra Kumar Dudi
Mahesh Singh,Nazia Hasan
Suraj Yadav,Samir Chauhan
Firasuddin Khan,sonons
Rajnesh Bhaila,Featuring Jharkhand
Mo Shuiab Ansari,Sonu Ateriya Ji
Harish Kumar,Kaya Roy
Raj Bahadur Yadav,Devender Yadav
Arunkumar Dubey Rahul,Youth's News
Virendra Kumar Yadav,Khalidliker
Urmila Prajapat,Isha Sharma
nase11751,Mukesh Singh
рдкреНрд░рджреАрдк рдпрд╛рджрд╡ рд╕рдорд╛рдЬрд╡рд╛рджреА рдкрд╛рд░реНрдЯреА,Dangu Taja
Shashank Dixit,C.R. Dewasi jnvu Jodhpur
Raja Rajkumar Yadav,рдЕрдВрдзрднрдХреНрдд рдзреБрд▓рд╛рдИ рд╕реЗрдВрдЯрд░
Salu Salu,Suresh Dhaiya Wazirabad
рдЛрд╖рд┐ рд░рд╛рд╡ рд╕рдорд╛рдЬрд╡рд╛рджреА,рдЪрд╛рдЪрд╛ рдмреБрдбрд╝рдмрдХ
Mohd Mohd Marjan,InKhabar
Prem Singh Rajput,Hamara Gaon Zindpur Delhi 36 ll
Sandeep Singh Yadav Sp,Mohan Singh Chandel
Sumit Yadav,Rihan Shaikh
Shivaswami Shukla,рдЕрдВрдзрднрдХреНрдд рдзреБрд▓рд╛рдИ рд╕реЗрдВрдЯрд░
Rajput Vivek Singh,Ashok Kumar Samal
Bhavesh Yadav,The Indiatimes 24
Er Brijnandan Pandey,Kavita P Pandya
Arpitsingh Arpit Singh,Govind Bhargava
рд╕рдЪрд┐рди рдпрд╛рджрд╡ рд╕реИрдлрдИ,Gurpreet Kaur Journalist
Saddam Khan Saddam Khan,с▒ес▒Ы с▒▒с▒Яс▒╢с▒ос▒ос▒▒ с▒ас▒дс▒ес▒ас▒й
Samar Kumar,Rajveer choudary
Adil Abbas,Gaurav Rathore
Ansh Yadav,Indrajeet Nema
Ajeet Yadav,Aijaz Mir
Gopal Yadav,рднрдЧрд╡рд╛ рдП рд╣рд┐рдВрдж
Ahmadali Siddiki,Vijay Kumar Sharma
Rohit Goyal,Kaali Bawa Nagri Sangrur
Vinod Kumar,Arvind Kumar
Ramvriksh Yadav,Vijay Kumar
Mohd TAriq,Ram Mohan
Shriram Yadav,Vikash Kumar
Surya Kumar Yadav,Supyar Devi
Subodh Kumar,Yograj Thakur
Dharmendar Yadav Dharmendaryadav,Shahbaz Ahmed
Imran Siddiqui,INC Ranpur-Botad
Youth's News,Navjot Singh Chauhan
Babulal Yadav,рд░рд╛рд╣реБрд▓ рд╕рд┐рдВрд╣ рдЪреМрд╣рд╛рди
Mohd Sujat,Desai Irfan Varis
Vicky Sagar,Irfan Baba
Amarjeet Yadav,Bunny Singh
Vikas Bajpai,yusuf005248.official
Shashikant,Political Lab
Mantri Lukman,Rajinderjeet Wander
Mantu Yadav,рдпреБрд╡рд╛ рдХрд╛рдВрдЧреНрд░реЗрд╕ рд╕реБрд▓рд╣
рдпреБрд╡рд╛ рдмрд┐рд╣рд╛рд░реА рдЕрднрд┐рд╖реЗрдХ рдпрд╛рджрд╡,Facts Daily
Om Babu,Rahul Shuru
SunilRawat Sunil Rawat,Carr Yminati
InKhabar,CM Revanth Anna
Shubham Yadav,ржжрзАржк рж╕рзЗржирж╛ржкрждрж┐
Manila Singh Roly,Shia Kanwat
Rahul Kumar,Chunavi Rang - рдЪреБрдирд╛рд╡реА рд░рдВрдЧ
Manoj Yadav,Satish Kharade
Parvez Alam,Smeer Khiljee
Neeraj Yadav,Ankit Yadav
рд░реВрдкреЗрд╢ рдХреБрдорд╛рд░ рдпрджреБрд╡рдВрд╢реА рдЧреЛрдкрд╛рд▓рдЧрдВрдЬ,Manoj Rathva
MD Mushaid Mushahid,Rahulbank Rathor
Journalist Karan Singh,Ganpat Ram Bishnoi
Shahana Parveen,Joya Faruqee
Hasan Abbas,Shyam Kumar
Rakesh Yadav,Shiv Preet
Mohd Hannan,Congress Nyay Samagam
Endrjeet singh yadav,Subhash Chandekar
Iqbal Hussain,Izrat Bell
рдореИрдВ рдирд╛рд╕реНрддрд┐рдХ рд╣реВрдВ,рдЕрдВрдзрднрдХреНрдд рдирд╣реАрдВ рд╣реВрдБ
Maurya Ji Kanpurwale,B S Yadav
Haidar Abbas,Meraj Shaikh
Nayab Ali,рд╕реЛрд╣рди рддреЗрд▓реА рдкреНрд░рджреЗрд╢ рдорд╣рд╛рд╕рдЪрд┐рд╡ рд░рд╛рдЬрд╕реНрдерд╛рди
рдЕрдорд░рдЬреАрдд рдЧреЛрдВрдб рдЬрд┐рд▓рд╛рдзреНрдпрдХреНрд╖,Jai Janata Media
Tahir Ali,Neha Chaudhari
N Hasan N Hasan,Mrutyunjay Dash
Ankul Yadav,Rahulraga
sunny786296,Biram Murmu
MANOJ RATHOR,Ahmad Khan Arisar
Dayashankar Singh Patal,Ravi Teja
Reun Kuame,Sivansh Kumar
Wjifa Khatun,Danish Ansari
Chaudhary Shailendra Patel,Sk Gk Wallah
Shivam Jugnu Shukla,рдЕрдЯрд▓ рд░рд╛рдЧ
MD Anish Shah,Manirul Islam
Yadav Rishabh,Kabir Khan
Anku Yadav Driver Sahab,dheeraj
Mahenda Yadav,Love Jharkhand
Khalid Rana,"Rahul Priyanka Gandhi Sena- Congress, West Bengal State"
Shiv Yadav,Swathi Swathi S
рд╡рд┐рдХрд╛рд╕ рдЧреЛрдВрдб,wwe hub
рдХреНрд░рд╛рдИрдо рднрд╛рд░рдд рдПрдХреНрд╕рдкреНрд░реЗрд╕,Girish Mishara
Shailendra Singh,Girish Mishra
Refresh Your Mind,Samarthak Rsp Soniya
Mo Abdul Kalam Khan,Abhi Tyagi
Shiva Bhai,Hanif Pradhan
Abdul Kalam,Kapil Yadav
Sunny Yadav,Tusli Rajput
рд╕рдорд╛рдЬрд╡рд╛рджреА рд╡рд┐рдорд▓реЗрд╢ рдХреБрдорд╛рд░ рдпрд╛рджрд╡,Jyoti Ranjan
Sadakat Ali Khan,Mewati Khan
Vinod Kumar,Pritik Tomar
Riya Yadav,Indian National Developmental Inclusive Alliance
Kanika Yadav,Madhvi Sharma
Richa Gautam,Aarti Gautam
рд╡рд┐рдХрд╛рд╕ рднреИрдпрд╛ рдпреВрде рдмрд┐рдЧреНрд░реЗрдб,Deepak Bhati Chotiwala
Junaid Siddiqui,Dilpreet Singh
Gulam Gos,Musa Sheikh
Gajendra Yadav,рд░рд╛рд╣реБрд▓ рдЧрд╛рдВрдзреА рджреЗрд╢ рдХреА рд╢рд╛рди
Abdul,Er. Shivam Dhurve
Arshad Tanm,Hindi News
Ramesh Yadav,Yogesh Bhuyan Renault
Aahil Khan,Chotulala Bairwa
Sumit Yadav ST'z,Pritam Gedam
Shiv Pratap,Birju Mahour
Shuja Uddin,Law Query
Jitendra Kumar,Newz Wala
Shailendra Yadav,Rahul Rajput
Irfan Turk,Vikas Rathore
Vandana Yadav,Jitendra Shakya
Preeti Yadav,Sanjeeva Reddy yellamula official
Munendra Yadav,Neelesh Bansal Neelesh Bansal
Deepak Kumar,Ramesh Reddy
Pravin Yadav,Irfan Choudhary INC
Sahin Ikabal,Anil M
Tiwari Ji,Mohd Arshad
Sajid Hashmat,Harishankar Valmiki
Shashikant Singh,Abdul Ajij
Akhilesh Yadav U,Praveen Bhajantri
Meraj khan,Prasanna Kumar Iyengar
Soniya Khatun,Pradip Sharma
Sumaiya Akter,Sanjna Jatav
Md Abdullha,рд░рд╛рдЬрдиреАрддрд┐
Nishad Bansi,Satnam Singh
Jagannath Jagdish Yadav,Sazid Frt
Arun Saroj,MD Guddu Khan
Ankit Shakya Art's,Hello Jaunpur
Vivek Kumar,Nirmalkumar Patil
Krishna Kumar Yadav,Vinod Topa
Rajesh Jaiswal,рд╕реБрд╖рдорд╛ рджреЗрд╡реА
Scs Lucknow Nagar,Mukesh the taste
Jagmendra Yadav,Lomash Gour
Gourav Jatav,Waseem Singhal Alwar
Ashutosh Yadav,AbhayKaran Martialarts
рдЕрднрд┐рд╖реЗрдХ рд░реЙрдпрд▓ рдЬрд╛рдЯрд╡,Aftab Alam
рд╕рдЪрд┐рди рдкрд╛рдгреНрдбреЗрдп,Sanatani Krishna Yuddh
Pushpendra Yadav,Anjali Kumari
NG Nadeem Ghosi,Manikchak Yuba
рдХреНрдпреВрдЯ рдмреЙрдп рдЕрд░реНрде рд░рд╛рдЬрдкреВрдд,All.india.congress
Sani Yadav,Karola Srikanth
Gurpreet Sidhu,Khetesh Choudhary
Zubi Gour,Bhagvat Sunita Ramesh Jumbad
desi.chhorayadav143,Kan Sphere
рдЙрддреНрддрд░ рдкреНрд░рджреЗрд╢ рд╕рдиреНрджреЗрд╢,Shailendra Vibhuti
Kabita Prajapat,Azam Khan Pathan
Rajkumar Yadav,рднрд╛рд░рддреАрдп рд░рд╛рд╖реНрдЯреНрд░реАрдп рдХрд╛рдВрдЧреНрд░реЗрд╕
Nandram Yadav,Rajnikant Sharma
Arun Yadav,Aaj Ka India
Kamlesh Yadav,Prakash Kumawat
Manoj Kumar Yadav,NewsFirst24x7
Padhan Dev Yadav,Narender Kumar
рд╕рдорд╛рдЬрд╡рд╛рджреА PDA рд╕рднрд╛,Radhika Kumari
Atul Verma,chumki Khatoon
Radhe s sss,Jiwadhan Mahto
Dheeraj Kumar Giri,Youth Congress party
Arun Sagar,рдЙрддреНрддрд░рдкреНрд░рджреЗрд╢ рдХрд╛рдВрдЧреНрд░реЗрд╕ рд╕реЛрд╢рд▓ рдореАрдбрд┐рдпрд╛
Hanuman Yadav,Jitendra Kamal
Deepakyadav Lala,"Sunny M Gavimath,Triochan"
PDA рдПрдХрддрд╛ рдЙрддреНрддрд░ рдкреНрд░рджреЗрд╢,Online Daily News
Dharmendra Yadav,Kamal Beniwal
Mintoo Jaipur,рдЯреАрдо рд▓реЛрдХреЗрд╢ рд╢рд░реНрдорд╛ рджреМрд╕рд╛
RN News Live,Abhi Patel
Narendra Singh,Sajjad Roster
Mastram Yadav,Vikram Gurjar
Akash Sharma,ринрйЗрибри╛риВ рижри╛ рилрйБрй▒рилрйЬ
Sunil Aajad Pansar,Swapnil Shinde
Rajkumar Yadav,CM News
Akram Saifi,Beniwal Hanuman
Desh ki bat me - aap ke man ki bat,Sanjay Kumar
KumarVipin Rajput Singh,Sazid Hussain 01
рдард╛рдХреБрд░ рджрд┐рди рдЕрд╣рд┐рд░рд╡рд╛рд░,Telangana Congress
Ramkumar Jagmohan,Sachin pilot
Jokhan yadav,Ashish Ujawane
Raj Yadav,Sureshswami
рдЕрд╢реЛрдХ рдЕрд╢реЛрдХ рдпрд╛рджрд╡,Rashmi Hindustani
Pratit verma lodhi,Namonarayan Gurjar Kableshwar
Shiva Yadav,InBreaking
Samar Yadav,Chandra Prakash
рд╕реБрднрд╛рд╖ рдпрд╛рджрд╡,Dhanraj Chopra King Bundi
рд╕рд┐рдВрдЧрд░ рд░реЛрд╢рдиреА рдкрд╛рдВрдбреЗрдп рдЧрд╛рдиреЗ,Dhanraj Choudhary
Shiv Mohan Yaduvanshi,Tikaram Meena
Mrs Angela James,Congressfan
Dileep Yadav JI Yadav,Geniben Thakor fan
Shatrudhan Bhai,Gulab Waskel
Rajman Yadav,Yehhainstyle
рдЕрдЦрд┐рд▓реЗрд╢ рдпрд╛рджрд╡ рдпреВрде рдмреНрд░рд┐рдЧреЗрдб рд╕рдорд╛рдЬрд╡рд╛рджреА рдкрд╛рд░реНрдЯреА рдЙрддреНрддрд░ рдкреНрд░рджреЗрд╢,Gopi Krihna Nath Yadav
Abhinav Singh,ARBN
Ankur Yadv,Rajmeet Singh Ghuman
Sagar Siwal,Mohd Yaseen Ayyubi Congress Telangana Pradesh Senior Leader
Rampal Yadav,рдХрд╛рдВрдЧреНрд░реЗрд╕ рдкрд╛рд░реНрдЯреА рдордгреНрдбреА рд╕рджрд░
рд▓рд╡рдХреБрд╢ рдЕрд╣рд┐рд░,H.A.Sanadi
Praveen Gangwar Titu Ad,рдЬреБрд▓рд╛рдирд╛ рдХреА рдЖрд╡рд╛рдЬ
Abhishek Yadav,S.Sohan Singh Thandal
Umesh Chand Sarraf,Harkesh Kumar
Ramprit Yadav,UP EK SOCH
Aditya Shivje,Mr Bhartiya
Satrudhan Yadav,Vijay Vvip
Shubhajit Karmakar,livenewsbharat
рдЧреАрддрдХрд╛рд░ рд╡рд┐рд╢рдВрднрд░ рдЧрд┐рд░рд┐ рдЧрд╛рдиреЗ рд▓рд╛рдЦреАрдкреБрд░,Abhinav Yadav
Bullet Singh Yadav,рд░рд╛рдЬрдиреАрддрд┐ 2.0
рд▓реЛрдзреА рдЬрд╛рдЧреГрддрд┐ рдореЛрд░реНрдЪрд╛ рд░рд╛рда,Adv Harish Fagwani
Maalik Khan,Kalam Sheikh
Anjith Singh,Gabbar Singh T
Krishna Kuamr,Rinku Kumar Mahua
Raj Smoraj,рд╕реЗрд╡рд╛рджрд▓ рдХрд┐рд╢рдирдЧрдВрдЬ
Kuldeep Yadav,Lve Dimri
Mahesh Sisodia,D&m- web design and Digital Marketing
Dharmendra Kumar,National Unemployment Day
Onndriaa Mercierd,рд╕реАрдорд╛ рдЬрд┐рд▓рд╛ рдкрдВрдЪрд╛рдпрдд рд╕рджрд╕реНрдп
рд╕рдорд╛рдЬрд╡рд╛рджреА рдкрд╛рд░реНрдЯреА,Shivnarayan Pattnaik
Samajwadi party sultanpur,Nikki Ranjan
Amit Srivastav,Pradeep Saxena
Deepak Yaduwanshi Kd,India Against Dictatorship
Rizwan Siddique,K K Kamlesh Saini
Mukesh Yadav,Kiran Mamgai
Vijay Yadav,Reporter Jaffer
рдЕрдВрд╢реВ рд╕рд░рдХрд╛рд░ рд╕реИрдлрдИ,рд╣рд▓ рдЪрд▓
Virendra Yadav,Jagmohan Singh
Political Lab,Kamleys Surf Ultra
Rajkishor Yadav,рдмрд╛рдШрдорд╛рд░рд╛ рдорд╛рдВрдЧреЗ  рдЬрд▓реЗрд╢реНрд╡рд░ рдорд╣рддреЛ
Sintu Yaduvanshi,Dheeraj Kawreti
Keshva Yadav,Rahul Gandhi 2.0
Jitendar Singh,рдЗрдВрдХрд╝рд┐рд▓рд╛рдм рд╕реЛрд╢рд▓ рдлрд╝реНрд░рдиреНрдЯ
Ned Orna,Rakesh Malik
Mayank Yadav,Abhisshek Bhau
dheeraj,Vishal Kumar
Deepu Yadav,Rasheed Ahmed
Yadav Vinod,Krishna Page
рдпреВрдкреА рдореЗрдВ рдЕрдЦрд┐рд▓реЗрд╢,I.T.cel Congress
Rampravesh Yadav,Shafi Wayanad
Avinash Yadav,рд╡рд┐рд╢рд╛рд▓ рдЕрд░реЛрдбрд╝рд╛ рд╕рдорд╛рдЬрд╕реЗрд╡реА
Shaikh Yusuf,Manish Beniwal Rlp
Raushan Singh Chandan,рд░рд╛рд╖реНрдЯреНрд░реАрдп рдЗрдВрдХрд▓рд╛рдм рдзрд░реНрдо рд╕рдВрдШ Rashtriya Inquilab Dharm Sangh
Vipin ╞│adav,Rudram Mishra
Atsamachar,Vivej Vfgjn
Ankit Yadav Smajvadi,Suresh Yadav
Yaduwansi Kul,Karamat Khan
Monu Yadav,Manohar Choudhary
R S Kumar,Gen Austin Scott Miller
wwe hub,Rahul Singh Chouhan
Suman Sharma,AjayKumar Dubey
рд╕рдВрдЬрдп рд╕рд┐рдВрд╣ рдкреВ.рдкреНрд░рдореБрдЦ рдкреНрд░.рдорд╛рдгреНрдбрд╛,janta_technical
Rahul Yadav,Himachal News 24
Bharat Ki Soch,Mumtaj khan mev
Akhilesh Kumar Yadav,рдЪреИрдирд╕рд┐рд╣рдВ рдХреБрдХрдгрд╛ рдЧрдЪреНрдЫреАрдкреБрд░рд╛
Abhay Singh Binu,Rasid Manjar
Hariom Yadav,Virendra Jha
Ramesh Yadav Ramesh,Uvais Sha
A2Z News Today,Arvind Pandey
Ashish Kumar,NSUI Madhya Pradesh
Vikas Singh Rajpoot,Avnish IYC
Jessica,Ashish Vasudeo Mahalle
Samajwadi Sarkar Saurabh ahir,Udipi Udipi
Prabhanshu Yadav,Adv Vivek Sharma
Adv Deepu Yadav,рдореБрд╕реНрддрдлрд╛рдмрд╛рдж рдХреА рдЖрд╡рд╛реЫ
Satyam Shakya,MIX VIDEOS
рд╢рд┐рд╡рдкреБрд░ рд╡рд┐рдзрд╛рдирд╕рднрд╛ рд╡рд╛рд░рд╛рдгрд╕реА,Garima Pandey
Ramesh Yadavarmy,Girish Mishra
Lucky Khan Jafri,Goshamahal Gadda METTU SAIKUMAR Anna  Adda
Anil Kumar,рд╕реНрд╡рд░рд╛рдЬ vlog
Riya singh,Aryan Zubair
RS Insulation,BM UK TV
Asim Khan,Imtiyaz Mir Sanki
M.A.k.Arjun.rajpoot,Dumdaar Newz
Sahil Pandey,SanDeep Mandal
Annugatum Annugatum,Jaswinder Singh
Krishna News Update,Gobindpur Congress
Sachin Pal,рд░рд╛рдХреЗрд╢ рдмреМрджреНрдз
Meraj Vlogs Shorts,рд╣рд░рд┐рдпрд╛рдгрд╡реА
Akram Qureshi,Rahul Aneja
Sushil Yadav,Rahul Singh Choudhary
Piyush Tiwari,Lawrence Bishnoi
M R Das,Guddu Pandit
Bantara Tv,рдард╛рдХреБрд░ рд╕рд╛рд╣рдм
рдзреНрд░реБрд╡ рдХреБрдорд╛рд░ рдЧреБрдкреНрддрд╛ рдирдЧрд░ рдкрдВрдЪрд╛рдпрдд рд▓рд╛рд░,Ranjit Kumar
Monaz Sana Shakh KS,Aneesh Shukla
Dilip Yaadav Dilip Pyaadon,Mee Akhil Konne
India Bloger,Rekha Ahirwar
Ashish Kumar,Nikita Choudhary
Nankau Yadav Ji,chandre sekhar Singh Rajput
Anubhav Yadavanshi,#gajab_haryana2
Anis Beg,Raghu Guttishimear
Anupam Yadav,Saka Sujit Kumar
Sajy Kumar,WittyThinker
Arun Kumar Rai,Jackson Zuckerberg
Akash,Samskara Sahithy State Committee
Vishal Kumar,Pardeep wadhwa Sonu
Panne Lal Yadav,Rajendra Kumar Gavit Mitra Mandal
Vikram Yadav,Anshul Rajput
Vishal Pratap Ji,Lali Bedoriya
Ramprti Yadav,Roshan Jamir Ansari
Vikram Singh,рдЕрдирд┐рд▓ рдЧреБрд░реНрдЬрд░ рдмреИрдВрд╕рд▓рд╛
Danish Malik,Singh Simran
Sarpanch Sarpanch,INC
рдЪреМрдзрд░реА рдЕрддрд╛рдЙрд▓реНрд▓рд╛рд╣ рдЦрд╛рди рд╕рдкрд╛,INDIA the POWER
Adv Shareef Choudhary,Indrajit Manjhi Aabhir
Md IsmailOp,Saima Chaudhry
рдореАрдирд╛рдХреНрд╖реА рдЧрдВрдЧрд╡рд╛рд░,Maharashtra Bja
Vicky Kumar,Blind Pot
Mohd Siraj,Ashok Kumar
Ansar Ali,Dashrath Bhabhr
Mohd UWAIS,Vuban Sharma
Bilal Khan,Kundan Kumar
Ali Raza,Reyansh Chauhan
Face Academy,Viram D Thakor Lalpura
Motiv8 Digital Private limited,Viram Morvadiya
Vashisht Kumar,рк╕рк╛ркорк░ркЦрк╛ ркЬрлАрк▓рлНрк▓рк╛ рккркЪрк╛ркпркд ркХрлЙркВркЧрлНрк░рлЗрк╕
Riya Chauhan,Amira
Suresh Yadav,Nandu Naradhana
Amit Kumar,Rohan Chadha
Hello friends,Shankar
Sarvesh Kumar,рдЕрдкрдирд╛ рджрд┐рди рдПрдХ
рд╕рдорд╛рдЬрд╡рд╛рджреА рдкрд╛рд░реНрдЯреА тАШ рдЭрд╛рдБрд╕реА,Adv Sandeep Adhau
Deshi Bhaiya,Baba Baba
Niraj,RP Global Media
Yashveer Yadav,Pinki Yadav
Daduram Shrivash,Riya Roy
Tanvir Alam,TPG Real estate services Bilaspur
Satish Yaduvanshi,Harish INC
Rajender Yadav,рдпреБрд╡рд╛ рдХрд╛рдВрдЧреНрд░реЗрд╕ рдЬрд┐рд▓рд╛ рд╕рд╣рд╛рд░рдирдкреБрд░ 2024
Abhishek Yadav,Vidhansabhahalka Chabbewal
Rishabh Yadav,The Story Highlights
Beerendra Yadav,рдЕрднрд┐рдЬреАрдд рдкрд╛рдгреНрдбреЗрдп
рдПрдб. рдлреИрдЬрд╝рд╛рди рдкрдард╛рди,Amarjeet Kumar
Panditji Homes,Tanay Pandey
Deshi bakchodi with deshi people,Badruddin Moosa Intuc Congress
Yaduvanshi Shera Yadav,рдкреНрд░рдгрд╡ рд░рд╛рдЧреАрдЯ рдорд┐рддреНрд░рдкрд░рд┐рд╡рд╛рд░ рдирд╛рдЧрдкреВрд░
рд╡рд┐рдирдп рдпрд╛рджрд╡,Sanjit Chattopadhyay
Chaudhary Adesh Yadav,Vijay Hb
Pravesh Yadav,Lokendra Singh Chouhan
Arjun Patel,Parixit Brahmbhatt
Amit Kumar Yadav,рдмреАрдЬреЗрдкреА рдХрд╛рдВрдЧреНрд░реЗрд╕
Sanjay Agrahari,Kiran Devi
рд╡рд┐рдХрд╛рд╕ рдирд╛рде,Ajkal Films
Lokpal Yadav Kalu,Lal Suraj
Smajwadi Officeal,A-r Sandip
Abdul Mannan Qurehsi,Anoop Kumar Mishra
Aamir Khan Khan,hakikat funny
Kuldeep Verma,Raj Dubey
Priyanka Raita,Depak Purna Suryavanshi
Reena Yadav,Md Imran Chand
Jawwad Jawwad,Madhubani рд╣рд▓рдЪрд▓
Narendra Yadav,рдПрдХ рд╣реА рдЕрд░рдорд╛рдВ рд╕рдЬреНрдЬрди рд╡рд░реНрдорд╛
Vishal Shrma,Nsui Korba Chhattisgarh
рд░рдИрд╕ рдЕрд╣рдордж рдЕрдВрд╕рд╛рд░реА рд▓рдЦрдирдК,Tripti Singhania
Firoj Khan,Rajendra Yadav
A D K Laakha,Priyanka Gandhi Vadra
Ikrar Ali,Asikraj Indian National Congress
Imtiyaz Khan,рд╕рдЪрд┐рди рдкрд╛рдпрд▓рдЯ рд╕рдорд░реНрдердХ
рдЧреНрд░рд╛рдореАрдг рднрд╛рд░рдд,Nishant Priyadarshi
Narendra Yadav,Next CM
Pappu Yadav,Manish Tiwari
Anand Yadav Yadav,Hind Tv Gujarati
Vikash Kumar,Abdul Ali
Sharma Bishu,Dinesh Gurjar
Gulam Rasul,Rajkumar Jangra
Vishal Tripathi,Maheram Pindel
Rishipal Singh Yadav,Mohd Asif
рд╕реЛрд╢рд▓рд┐рд╕реНрдЯ рдУрдВрдХрд╛рд░ рд╕рдорд╛рдЬрд╡рд╛рджреА,Ashish Khatana
Shivam Yadav,├С├в├╗sh├вd Kh├г├▒
Atul Yadav,Manjeet Lorre
ANIL YADAV,Minor Community Help Desk
Pk Yadav,Sunil Gangwani
AaRyan Yadav,The Fect
Shakir Bhai,ZamZam Electronics
Pawan Kumar,Aiah Arceta
The Story Highlights,S Jagannath
Saurabh Yadav,Jashvant Patel
Digvijay Singh Yadav,Rahul Laskar
Chandrajeet Yadav,Shivanaand Bhogashetti
Atul Yadav,Chahal Kamal
Sahbubbin,Dhruv Subramanium
Jishan Quireshi,Firoz Khan
рд░рд╛рдХреЗрд╢ рдкрд╛рд╕рд╡рд╛рди,Rajneeti voice
Avneesh Patel,Raju Sherawawt
Shivek Rao Sahab,Mahipal Jajra
Sitaram Goswami,рд╡рд┐рдзрд╛рдпрдХ рд╡рд┐рд╡реЗрдХ рд╡рд┐рдХреНрдХреА рдкрдЯреЗрд▓
Amit Kashyap,Rachit Bakshi
Ajith Raj,N Dwivedi
Sourabh Gangwar,рдЬрдп рд╣рд┐рдВрджIndian commando
Syed Hasan Rizvi,Salman Khan
Mohit Kumar,Prince Abdul Mateen
Mohit Chandra,Damini kashyap
GK Singh,Vahid Khan
Ashok Kumar Gautam,Sunil Rathod
рдард╛рдХреБрд░ рд╢реБрднрдо рд╕рд┐рдВрд╣,ркЧрлЛркХрлБрк│ ркирлЛ ркХрк╛ркирлБркбрлЛ
Amit Kumar Deoria,Rupendr Meena
Er Mohd Azam Khan,Socialist Rais Shaikh
Lalu Rudra Yadav,Altaf Khira
Mukesh Yadav,рдореЛрджреА рдХрд╛ рдЧреБрдЬрд░рд╛рдд
Shiv Dayal Sahani,Pankaj kumar saini
Shyam Babu Mali,Mr. X р┤Хр┤░р┤╡р┤╛р┤░р┤В
Poster Wala,Gohil Kirit
RizwanRana RizwanRana,Seraj Youth Congress
Manoj Kumar Manoj Kumar,Vikash Vikash
Azim Ali Zaidi,Kalpna
Brijesh Yadav,Raj Kumar
Rahul Yaduvanshi,Sravan Gandi
Rishabh Dixit,Dr Sunil Kumar
ShivShanker Yadav,Sandeep Singh
Shaurya Chauhan,SAMIR RAZA graphy news 41
Aman kumar,Raju Sidhu Raipur
Mohan Yadav,Rahul Raj
Surendra Kumar Yadav Yadav,Sriram Yadav
Shivkumar Yadav,BBN Network Punjab
Deepak Yadav,Jaat Aman
Pandit Pradeep Kumar Sharma,Mansoor Pinitod
Alok Verma,Jaisalmer Artistry
Satish Shukla,Mohammed Moinuddin
Ramkresh Yadav,рд░рд╛рд╣реБрд▓ рд╕рддреНрддрд╛рд╡рди рджреЗрд╡рддреА
Ambedkar Yadav,Congress Party JansevakMohammed Rafiq Photographer
Ranjeet Kumar,Md Shafiur Rahman
Abhinav Yadav,Kamrul Haque
Hindustan pen pencil packing job,Mo M├╕y Hao Kip
Saurabh Tiwari,Raja Ram
Amritanjay Yadav Barhalganj,Mahesh Ramani
рдЬрдп рд╢реНрд░реА рд░рд╛рдо рдЬрдп рд╢реНрд░реА рд░рд╛рдо,Krishan Krishan Kumar
R S Y Yadav,Sofiqul Islam
рдордЬрдмреВрдд рдЧрдардмрдВрдзрди,Saloni Sharma
Divyanand Yadav,Aakil Makhdoom Khan
Lavkush Kumar,Chaturbhuj Narayan
рдорд╕реНрддреА,рдХреБрд▓рджреАрдк рдореАрдгрд╛ рднреВрд▓рд╛рд╣реЗрдбрд╝реА
Amarnath Bharti,Yuva Congres Sangamner
Khawar Sherwani,Shanwas Khan
Sunil Yadav,LI WEI FU XIAN
Suresh Yadav,Samari Vijay
Ashish Yadav,Panchayat to Parliament
Samajwad Ek Soch,рд╕реБрд░реЗрд╢ рдЧрд╛рдпрдХрд╡рд╛рдб рджреЗрдЧрд▓реБрд░- рдмрд┐рд▓реЛрд▓реА
Shailendar Singh,Yuva Assam
Sakshi Ka Sakshi,Dharmendra Rawat
Anand Yadav S. P,Leader Moin Bhai
Pujan Residency Yaduvanshi,LB Nagar Constituency
Mankhush Kumar Yadav,Leader Moin Bhai Hyd
BR Mahesh,BRS INC 1 November 2023
R.K Yadav 4093,Sonu Kumar
Usman Khan,One Man Army
Aman Khan,рдХреГрд╖реНрдгрд╛ рдкрд░рдорд╛рд▓ рд╕рд┐рдВрд╣
рд╕реВрд░рдЬ рдЪреМрдзрд░реА рднрд╛рд╡реА рд╡рд┐рдзрд╛рдпрдХ рдорд┐рд▓реНрдХреАрдкреБрд░,Rahul Gandhi India
Rajesh Yadav,Rajanna Kuchankar
Avdhesh Yadav,Anshul Yadav
Kamleys Surf Ultra,Atul Pratap Singh Tomar
рдорд╛рддрд╛ рдкреНрд░рд╕рд╛рдж рдЪреМрд░рд╕рд┐рдпрд╛,Rashid Hussain
Dharmesh Shukla,Ankle Lieu
Birendra Yadav,Aman Singh
Nitesh Yadav Official,Sk Afsar Sk Khaja
Golu Singh Yaduvanshi,Vanshika Tyagi
рдЖрд▓реЛрдХ рдпрд╛рджрд╡ рд╣рд░рдЪрдиреНрджрдкреБрд░,Aman Pahal
Vinkal Ghutara,Ramgopal Harjilal
Yogesh Gandass,Muthamizh Murasu Rajendiran
рд╡рд┐рд╢рд╛рд▓ рдЕрд░реЛрдбрд╝рд╛ рд╕рдорд╛рдЬрд╕реЗрд╡реА,M R Das
Kamlesh Upadhyay,Rahulinder sidhu Fan club
Harsh,Shishpalkalwa S P Kalwa
Reena Yadav,Mahesh Gawade
Durvesh Kumar,Ankit Singh
рд▓реЛрдХрд╕реЗрд╡рд╛рд░реНрде рд╕реЛрд╢рд▓ рд╡реЗрд▓реНрдлреЗрдЕрд░ рдлрд╛рдЙрдВрдбреЗрд╢рди,Parmar Rajendrasinh
Drx Waseem Khan,Divyashu Kumar
Vikku Yadav,Manish Patel
Remnpal Yadav,Shabbir Ahmad
Prinyanka Mishra,Plots and farms connecter
Nitin Yadav,Lok Seva Congress
Nandni Rani,Mr sarfudin
Munna Yadav,Hindustani Sarkar
Ave Khan,AZBN7
Mo Faisal Ali,Nisha
Shibu Raja,рдЧреНрд░рдВрдерд╛рд░рдгреНрдп
Vikash Yadav,Danish Anwwarr
Rahul Tayade,Aklesh Karanjiya
Amit Kumar,рдЕрдВрдзрднрдХреНрдд рдзреБрд▓рд╛рдИ рдХреЗрдВрджреНрд░ 2.0
Surjit Saha,Nsui Jai
Ashok Yadav,Ranjit Kumar
Vipin Yadav,Priyanka Gandhi for Waynad р┤╡р┤пр┤ир┤╛р┤Яр┤┐р┤ир╡Нр┤▒р╡Ж р┤╕р╡Нр┤╡р┤ир╡Нр┤др┤В р┤кр╡Нр┤░р┤┐р┤пр┤Щр╡Нр┤Х
S├╗r├вj,Congress Worries
ржЭрзАржирзБржХ ржорж╛рж▓рж╛,Pradeep Maurya Sangam Vihar
Birst Parvin,рдирдХреА рдЕрд╣рдордж рдЖрдкрдХрд╛ рд╕реЗрд╡рдХ
Raju Tamang,PUBG LOVER
Tamang Sandesh,Kaka Saheb
Rani Aktar Rani,Naveen Gahtori
Stock Princess Zeynep,Insaaf Khan
Sarani Topno,NGO Media Telugu
Mi Thi La,Anwar Hussain
Sonjoy Das,Awantika Khaire
Aman Khan,Soniya Singh Chauhan
Sadia Sadia,Mark William
Kapil Junior,All India Congress Brigade J&K
Dinanath Sony,Virat Kohli
Rili Seraphine,Sitaram Choudhry Nannuri
Anu Xettri Anu Xettri,Yuvi Yuvi
Ruan Xin,Kuljinder Singh
Parvati Thapa,Amberpet Zameer Bhai Followers
Sangeeta Charpota,noirboldreflection
Minar Ni,Voice of Nagpur South West
Mohan Bista,Jamana
Ravi Nidalee,рд░рд╛рд╣реБрд▓ рдЧрд╛рдБрдзреА рд╕рдорд░реНрдердХ
Sudip Tamang,рморм┐рм╢рми рмкрм╛рм░рм╛рмжрнНрн▒рнАрмк
Depak Yadav,Rajesh Meena
Devvrat,Jayed Khan
Avadh Child & Adolescent Care,Amit Gandhi
Bijay Yadav,Akshay Khadse
рд╕рдорд╛рдЬрд╡рд╛рджреА рдЕрдореЗрдареА,Vikram Karol
Bharat Kumar,Himanshu Pandey
Saqib Rahman,Singh Sahab
Beetu Yadav,Jagdish Jamliya
Suhail Khan,Praveen Kumar Shivamogga
Salman babu,Puspendra Gurjar
MR ramji yadav,Jyoti Mansotra
Rohit Yadav,Shoaib Akhter
San Deep Yadav,Sarfaraaz Srk
Shyam Thakur,jansuraajbihar
Sanjay Kumar Yadav,khoji Sach News
Anupam Sonkar,Friends of Congress USA
Arif Ahmed,Poly Bibi
Amarbhahadur Pal,Wahid Khan
Sovi Mailk,MediaDaydaily
Dinash Dinsh,Alu Fan
Rajkumar Sangapur,Kamal Tiwari
Jitendra Kumar,Abhaay Nautiyal
Harinam Pal,Shams Agaz
Khushi Nand Todabhim,Congress States
Shitesh Yadav,Nepalese In USA
Shrashti,Pardeep Singh
Shravan Yadav,Karuna Sagar IPS
Akhilesh Patel,Mk Bou
Anjali Sahu,Th├аkur S├бh├аb ├Бk├еsh
Ajit Yadav Ajit Yadav,Istiyak Khan
Shubham Rastogi,Neha Agarwal
рдЧреБрд░реБрдХреГрдкрд╛рдЬрди рд╕реЗрд╡рд╛рдХреЗрдиреНрджреНрд░,V├оk├а┼Ы ├Яh├а─Я├г┼е
Shabana Farooq,ЁЭЧФЁЭЧоЁЭШДЁЭЧоЁЭШЗ ЁЭЧбЁЭЧШЁЭЧкЁЭЧж ЁЭЯоЁЭЯ░├ЧЁЭЯ│ ЁЭЧгЁЭЧоЁЭШБЁЭЧ╗ЁЭЧо ЁЭЧХЁЭЧ╢ЁЭЧ╡ЁЭЧоЁЭЧ┐
рдЕрдЬрдореВрд▓ рдЭрд╛рд░рдЦрдВрдбреА,Nedumaran R
Amar Yadav,Yogesh Ghatte
Amar Yadav,
Ayaan Rajput Pardhan,
Ansh Goub,
рдЪреМрдзрд░реА рдЕрд░реНрдЬреБрди рдиреИрди рдкреНрд░рдзрд╛рди,
Flight Mode Ydv,
Aashu Khan,
Ranjit Kumar,
Ashok kumar verma,
Brijesh Yadav,
Abhay Yadav,
Rohmat Ali,
